,0,1,2,3
0,67.12,67.94,67.88,66.62
1,75.06,75.25,76.0,76.31
2,73.62,73.25,75.19,74.19
3,80.5,80.38,80.88,80.19
4,81.88,80.88,82.69,81.69
5,81.38,80.69,82.5,81.62
6,84.62,84.06,85.56,85.5
7,82.56,81.75,83.69,82.25
8,85.06,83.94,86.25,85.0
9,85.25,84.81,86.81,85.69
10,82.94,82.38,83.94,83.31
11,82.88,82.06,83.44,82.5
12,84.12,83.38,84.88,83.94
13,80.5,78.69,81.25,81.0
14,73.38,72.69,75.19,73.44
15,70.62,69.25,72.12,70.19
16,70.12,68.0,71.56,68.88
17,68.88,66.69,71.06,68.5
18,52.81,51.91,55.38,51.72
19,54.09,54.62,55.53,55.88
20,50.03,50.75,51.34,50.28
21,46.25,46.94,47.28,47.56
22,47.94,47.19,48.19,42.84
23,45.38,44.75,44.66,40.91
24,43.38,42.97,43.22,41.62
25,41.22,41.84,43.53,41.97
26,38.09,38.34,39.62,39.53
27,39.44,39.03,41.44,38.94
28,41.75,39.88,40.28,39.97
29,41.53,40.09,41.34,40.78
30,44.75,45.03,44.69,47.44
31,40.06,40.53,40.25,38.59
32,45.0,43.34,45.34,43.88
33,42.38,41.66,42.28,45.84
34,44.44,42.44,43.09,44.56
35,50.25,49.25,50.41,49.66
36,48.44,48.69,50.22,49.78
37,49.41,48.44,49.62,49.72
38,49.44,50.47,50.84,50.59
39,42.0,40.16,42.94,41.91
40,44.56,45.38,45.72,45.12
41,48.31,50.62,49.66,50.16
42,45.88,44.91,47.69,47.53
43,49.38,43.25,47.16,48.62
44,44.12,41.06,46.47,46.06
45,41.84,41.31,42.03,41.47
46,38.03,40.88,40.34,39.38
47,42.91,42.56,43.56,43.66
48,39.44,39.75,38.62,39.03
49,39.53,36.97,40.25,39.03
50,36.44,39.62,37.44,41.28
51,43.22,37.81,43.84,40.88
52,36.06,36.16,36.84,39.34
53,41.53,38.5,43.16,37.59
54,41.44,39.53,40.34,41.72
55,45.38,43.56,46.62,46.59
56,42.31,43.69,43.12,44.91
57,42.41,43.41,42.78,44.62
58,44.94,44.38,43.16,43.75
59,40.84,39.12,40.19,40.66
60,38.72,41.06,40.12,42.41
61,36.84,37.91,38.81,38.81
62,38.78,38.06,40.0,37.75
63,38.16,38.03,40.34,37.0
64,35.47,40.25,38.72,38.06
65,43.56,40.28,39.31,40.44
66,41.56,43.25,41.72,40.66
67,43.56,40.25,44.31,41.88
68,37.81,34.69,37.75,37.56
69,37.31,35.53,40.03,35.69
70,38.41,43.0,39.06,34.5
71,42.31,39.75,40.19,45.16
72,42.81,34.66,40.44,35.09
73,45.25,37.75,40.38,37.91
74,42.44,37.75,36.78,37.59
75,47.69,39.88,41.31,44.69
76,49.22,45.66,45.84,43.31
77,50.03,46.16,48.88,46.88
78,37.03,42.25,39.09,35.31
79,40.91,39.19,41.88,38.03
80,48.16,46.03,43.88,44.84
81,46.03,45.53,47.16,46.78
82,47.12,50.16,50.12,47.16
83,46.84,45.59,47.16,43.84
84,48.09,47.66,48.03,47.25
85,49.38,52.28,51.09,52.69
86,50.28,51.16,51.91,50.09
87,48.69,47.81,50.31,48.94
88,48.12,48.94,47.44,49.47
89,43.12,43.41,43.5,45.28
90,50.22,49.66,48.31,51.44
91,47.5,45.19,47.78,45.34
92,46.56,47.72,47.72,46.38
93,44.72,46.59,45.31,46.16
94,47.66,47.72,48.5,48.41
95,40.69,43.25,41.47,39.59
96,40.62,41.88,42.69,40.56
97,37.69,39.5,37.19,37.88
98,43.09,42.5,43.41,42.16
99,43.84,46.0,45.91,45.88
100,42.22,43.19,42.06,43.03
101,45.22,44.25,44.53,45.09
102,44.41,44.38,45.03,44.47
103,41.31,39.97,39.78,42.16
104,50.22,46.5,48.91,49.53
105,46.75,45.84,46.78,45.41
106,47.22,43.38,47.62,47.0
107,44.38,37.47,42.66,42.88
108,44.84,42.53,45.62,44.81
109,39.19,35.06,39.34,36.91
