mutation,PC1,PC2,PhenotypeList,ClinicalSignificance,rmsd
canonical,-78.80632525138392,-26.838107889652253,canonical,canonical,0.0
NM_001124.3_ADM_c.254C-G_p.Pro85Arg,160.67402453182063,46.86431631047227,not provided,Benign,3.24
NM_001124.3_ADM_c.150C-G_p.Ser50Arg,-22.29785298948857,83.50972922532735,not provided,Benign,2.03
NM_001124.3_ADM_c.529C-G_p.Pro177Ala,-32.12030799228252,-49.412660114649384,not specified,Uncertain significance,2.05
NM_001124.3_ADM_c.64G-T_p.Ala22Ser,-103.23120838451891,40.56088511500283,not specified,Uncertain significance,2.84
NM_001124.3_ADM_c.10G-C_p.Val4Leu,219.6326599510558,-110.51253448608787,not specified,Uncertain significance,2.66
NM_001124.3_ADM_c.11T-A_p.Val4Asp,403.29432900155894,-21.653788078865027,not specified,Uncertain significance,2.84
NM_001124.3_ADM_c.112G-T_p.Ala38Ser,-119.48445337443698,-32.279247468130116,not specified,Uncertain significance,2.96
NM_001124.3_ADM_c.113C-T_p.Ala38Val,56.41505460453299,-8.173633325767467,not specified,Uncertain significance,2.7
NM_001124.3_ADM_c.260C-T_p.Ala87Val,47.33857050276038,-30.32965744963846,not specified,Uncertain significance,3.51
NM_001124.3_ADM_c.430C-G_p.Gln144Glu,-117.32729155954921,5.6393684608785355,not specified,Uncertain significance,2.97
NM_001124.3_ADM_c.236G-A_p.Ser79Asn,-70.74899838030473,100.07453929643735,not specified,Uncertain significance,2.54
NM_001124.3_ADM_c.416G-A_p.Ser139Asn,-60.86570266038051,3.647041404153781,not specified,Likely benign,2.66
NM_001124.3_ADM_c.520C-T_p.Pro174Ser,-32.38446778973995,-96.91473476909809,not specified,Uncertain significance,3.24
NM_001124.3_ADM_c.105T-A_p.Asn35Lys,-294.1697859967318,-78.23658084572375,not specified,Uncertain significance,2.67
NM_001124.3_ADM_c.218T-G_p.Met73Arg,44.08175578708843,174.0550646153402,not specified,Uncertain significance,3.2
