Protein1,Protein2,RMSD
0,1,4.08
0,2,4.93
0,3,3.47
0,4,4.24
0,5,4.15
0,6,4.75
0,7,3.91
0,8,3.8
0,9,5.24
0,10,3.92
0,11,2.17
0,12,3.3
0,13,4.38
0,14,4.95
0,15,4.77
0,16,3.85
0,17,3.52
0,18,3.62
0,19,3.86
0,20,5.36
0,21,4.15
0,22,3.85
0,23,3.77
0,24,4.68
0,25,4.13
0,26,4.46
0,27,3.12
0,28,4.35
0,29,4.27
0,30,2.88
0,31,4.27
0,32,3.9
0,33,3.77
0,34,3.86
0,35,3.8
0,36,3.84
0,37,3.86
0,38,3.82
0,39,3.73
0,40,4.66
0,41,4.11
0,42,3.88
0,43,3.79
0,44,4.49
0,45,4.63
0,46,4.33
0,47,3.72
0,48,3.77
0,49,3.66
0,50,4.17
0,51,4.15
0,52,3.79
0,53,3.86
0,54,3.77
0,55,4.1
0,56,4.89
0,57,3.95
0,58,3.47
0,59,3.47
0,60,3.44
0,61,4.0
0,62,3.98
0,63,4.21
0,64,4.0
0,65,5.44
1,2,4.81
1,3,3.38
1,4,3.4
1,5,3.86
1,6,4.06
1,7,3.16
1,8,3.16
1,9,5.35
1,10,4.15
1,11,2.09
1,12,3.84
1,13,3.68
1,14,4.96
1,15,4.69
1,16,3.77
1,17,3.19
1,18,3.39
1,19,3.1
1,20,5.48
1,21,4.27
1,22,2.75
1,23,3.13
1,24,5.02
1,25,4.65
1,26,3.79
1,27,3.58
1,28,3.72
1,29,4.56
1,30,3.67
1,31,3.93
1,32,4.9
1,33,3.2
1,34,4.45
1,35,4.12
1,36,2.51
1,37,4.36
1,38,3.35
1,39,3.04
1,40,4.25
1,41,3.82
1,42,3.58
1,43,4.04
1,44,4.7
1,45,4.35
1,46,3.26
1,47,2.95
1,48,4.57
1,49,2.14
1,50,4.66
1,51,3.76
1,52,3.32
1,53,4.22
1,54,2.89
1,55,4.54
1,56,4.77
1,57,3.8
1,58,3.09
1,59,3.09
1,60,3.71
1,61,4.2
1,62,3.9
1,63,4.52
1,64,4.22
1,65,4.82
2,3,4.98
2,4,4.05
2,5,4.92
2,6,5.35
2,7,4.58
2,8,4.56
2,9,5.65
2,10,4.34
2,11,2.93
2,12,4.44
2,13,4.43
2,14,4.58
2,15,4.95
2,16,3.64
2,17,4.96
2,18,5.35
2,19,4.14
2,20,4.97
2,21,4.35
2,22,4.49
2,23,4.01
2,24,4.68
2,25,4.71
2,26,4.55
2,27,4.91
2,28,4.7
2,29,4.99
2,30,5.67
2,31,5.03
2,32,5.48
2,33,4.51
2,34,4.53
2,35,4.72
2,36,4.1
2,37,5.37
2,38,3.97
2,39,4.68
2,40,4.43
2,41,4.46
2,42,3.79
2,43,4.86
2,44,3.71
2,45,5.01
2,46,4.36
2,47,4.96
2,48,5.18
2,49,4.4
2,50,3.73
2,51,4.55
2,52,4.28
2,53,4.69
2,54,4.04
2,55,4.97
2,56,4.61
2,57,4.6
2,58,4.48
2,59,4.48
2,60,4.27
2,61,4.8
2,62,4.58
2,63,5.07
2,64,5.05
2,65,5.03
3,4,3.49
3,5,3.58
3,6,3.54
3,7,3.62
3,8,4.1
3,9,5.13
3,10,4.3
3,11,2.61
3,12,3.87
3,13,3.9
3,14,4.81
3,15,4.05
3,16,4.33
3,17,3.64
3,18,3.17
3,19,3.57
3,20,4.13
3,21,3.6
3,22,3.07
3,23,3.53
3,24,4.05
3,25,4.42
3,26,4.16
3,27,3.68
3,28,3.78
3,29,4.13
3,30,4.38
3,31,3.9
3,32,4.02
3,33,4.14
3,34,3.76
3,35,4.08
3,36,4.13
3,37,4.06
3,38,3.27
3,39,4.11
3,40,4.15
3,41,3.31
3,42,3.78
3,43,4.41
3,44,4.27
3,45,4.41
3,46,3.96
3,47,3.2
3,48,4.28
3,49,3.2
3,50,4.33
3,51,4.08
3,52,3.59
3,53,3.49
3,54,3.58
3,55,3.88
3,56,4.05
3,57,4.43
3,58,3.36
3,59,3.36
3,60,3.44
3,61,3.86
3,62,3.64
3,63,5.03
3,64,4.29
3,65,4.52
4,5,2.66
4,6,3.88
4,7,3.8
4,8,4.57
4,9,4.81
4,10,4.62
4,11,2.31
4,12,4.02
4,13,4.16
4,14,4.24
4,15,4.81
4,16,3.97
4,17,3.43
4,18,3.13
4,19,4.09
4,20,5.07
4,21,4.05
4,22,3.03
4,23,3.82
4,24,4.11
4,25,4.34
4,26,3.9
4,27,4.34
4,28,4.02
4,29,4.18
4,30,4.08
4,31,3.69
4,32,3.88
4,33,4.86
4,34,4.11
4,35,5.05
4,36,3.9
4,37,4.18
4,38,3.83
4,39,3.71
4,40,4.34
4,41,4.13
4,42,4.02
4,43,4.45
4,44,4.44
4,45,4.17
4,46,4.34
4,47,3.82
4,48,4.36
4,49,3.93
4,50,3.52
4,51,4.14
4,52,3.46
4,53,4.14
4,54,4.36
4,55,4.4
4,56,4.59
4,57,5.4
4,58,3.59
4,59,3.59
4,60,3.89
4,61,3.63
4,62,4.6
4,63,4.72
4,64,4.94
4,65,4.12
5,6,4.09
5,7,4.33
5,8,4.49
5,9,5.38
5,10,5.17
5,11,2.45
5,12,4.4
5,13,4.17
5,14,5.52
5,15,5.29
5,16,4.28
5,17,3.82
5,18,3.21
5,19,4.38
5,20,5.54
5,21,4.53
5,22,3.37
5,23,3.89
5,24,3.91
5,25,4.9
5,26,4.98
5,27,4.83
5,28,5.05
5,29,4.71
5,30,4.43
5,31,3.42
5,32,4.89
5,33,4.73
5,34,4.56
5,35,5.08
5,36,4.26
5,37,3.95
5,38,3.79
5,39,3.66
5,40,5.38
5,41,3.72
5,42,3.82
5,43,4.7
5,44,4.79
5,45,4.84
5,46,5.06
5,47,4.03
5,48,3.91
5,49,3.86
5,50,4.64
5,51,4.91
5,52,4.59
5,53,4.06
5,54,4.4
5,55,5.07
5,56,3.91
5,57,4.57
5,58,4.12
5,59,4.12
5,60,4.33
5,61,3.83
5,62,4.08
5,63,4.42
5,64,4.67
5,65,4.22
6,7,4.32
6,8,4.16
6,9,3.97
6,10,4.94
6,11,2.19
6,12,4.42
6,13,4.7
6,14,5.24
6,15,4.38
6,16,3.59
6,17,4.12
6,18,3.72
6,19,3.91
6,20,5.06
6,21,4.95
6,22,4.2
6,23,4.42
6,24,5.18
6,25,4.39
6,26,4.99
6,27,5.63
6,28,4.99
6,29,5.12
6,30,4.78
6,31,3.29
6,32,5.26
6,33,4.71
6,34,4.74
6,35,4.96
6,36,4.05
6,37,4.93
6,38,4.88
6,39,3.59
6,40,5.17
6,41,3.93
6,42,3.77
6,43,4.34
6,44,4.35
6,45,4.82
6,46,4.28
6,47,3.77
6,48,4.55
6,49,3.87
6,50,4.82
6,51,5.12
6,52,4.3
6,53,4.96
6,54,4.31
6,55,4.24
6,56,4.83
6,57,4.23
6,58,4.24
6,59,4.24
6,60,4.63
6,61,4.62
6,62,4.15
6,63,4.78
6,64,4.52
6,65,3.43
7,8,2.93
7,9,4.97
7,10,3.04
7,11,2.17
7,12,3.49
7,13,3.71
7,14,4.26
7,15,4.95
7,16,3.68
7,17,3.05
7,18,3.63
7,19,2.01
7,20,4.43
7,21,3.46
7,22,3.28
7,23,3.09
7,24,3.75
7,25,4.15
7,26,3.34
7,27,3.42
7,28,3.4
7,29,3.81
7,30,3.15
7,31,4.09
7,32,4.39
7,33,3.4
7,34,3.66
7,35,3.31
7,36,2.89
7,37,3.66
7,38,3.13
7,39,3.19
7,40,3.64
7,41,3.66
7,42,3.75
7,43,3.78
7,44,4.69
7,45,4.01
7,46,3.06
7,47,3.07
7,48,4.57
7,49,2.87
7,50,4.48
7,51,4.26
7,52,3.98
7,53,4.16
7,54,2.98
7,55,4.52
7,56,4.7
7,57,2.92
7,58,2.2
7,59,2.2
7,60,3.51
7,61,3.49
7,62,3.71
7,63,4.71
7,64,3.86
7,65,4.4
8,9,4.4
8,10,3.41
8,11,2.54
8,12,3.63
8,13,2.84
8,14,4.34
8,15,4.59
8,16,4.3
8,17,3.47
8,18,4.32
8,19,3.08
8,20,4.54
8,21,3.41
8,22,3.32
8,23,3.32
8,24,4.0
8,25,4.43
8,26,3.32
8,27,3.32
8,28,3.63
8,29,3.69
8,30,3.41
8,31,3.88
8,32,4.83
8,33,4.0
8,34,3.65
8,35,3.3
8,36,3.13
8,37,3.78
8,38,3.45
8,39,3.08
8,40,3.68
8,41,3.43
8,42,3.84
8,43,4.17
8,44,4.77
8,45,4.17
8,46,3.23
8,47,3.55
8,48,4.05
8,49,3.35
8,50,4.5
8,51,3.34
8,52,3.71
8,53,3.67
8,54,3.09
8,55,4.43
8,56,4.37
8,57,3.42
8,58,3.21
8,59,3.21
8,60,3.53
8,61,4.12
8,62,3.61
8,63,4.8
8,64,4.07
8,65,4.35
9,10,5.55
9,11,3.42
9,12,5.5
9,13,5.74
9,14,5.44
9,15,5.18
9,16,3.31
9,17,5.42
9,18,4.72
9,19,5.17
9,20,4.55
9,21,5.29
9,22,4.81
9,23,5.83
9,24,5.21
9,25,4.75
9,26,5.15
9,27,5.66
9,28,4.9
9,29,5.69
9,30,4.86
9,31,5.11
9,32,5.38
9,33,4.23
9,34,4.81
9,35,5.31
9,36,5.31
9,37,5.44
9,38,4.62
9,39,5.14
9,40,5.49
9,41,4.23
9,42,4.86
9,43,4.37
9,44,4.43
9,45,4.51
9,46,5.37
9,47,5.46
9,48,5.0
9,49,5.33
9,50,4.51
9,51,5.21
9,52,4.21
9,53,4.62
9,54,5.33
9,55,4.7
9,56,5.09
9,57,4.45
9,58,4.96
9,59,4.96
9,60,5.28
9,61,5.48
9,62,5.66
9,63,4.24
9,64,5.21
9,65,4.89
10,11,2.9
10,12,3.86
10,13,4.34
10,14,4.22
10,15,4.91
10,16,4.09
10,17,4.16
10,18,4.61
10,19,3.43
10,20,4.33
10,21,3.38
10,22,4.57
10,23,4.07
10,24,3.61
10,25,4.46
10,26,3.49
10,27,3.75
10,28,3.63
10,29,3.34
10,30,3.14
10,31,4.86
10,32,4.16
10,33,4.35
10,34,3.52
10,35,2.89
10,36,4.58
10,37,3.28
10,38,4.51
10,39,4.16
10,40,3.22
10,41,4.61
10,42,4.95
10,43,4.5
10,44,5.08
10,45,3.69
10,46,3.98
10,47,3.62
10,48,4.41
10,49,3.75
10,50,5.1
10,51,3.76
10,52,4.25
10,53,4.57
10,54,3.77
10,55,4.73
10,56,4.76
10,57,4.07
10,58,3.2
10,59,3.2
10,60,3.4
10,61,3.59
10,62,4.13
10,63,4.38
10,64,4.06
10,65,4.14
11,12,2.49
11,13,2.7
11,14,2.84
11,15,2.59
11,16,2.17
11,17,2.11
11,18,2.76
11,19,2.58
11,20,2.98
11,21,2.64
11,22,2.45
11,23,2.76
11,24,1.92
11,25,2.66
11,26,2.09
11,27,2.12
11,28,3.18
11,29,2.04
11,30,2.67
11,31,3.11
11,32,2.27
11,33,2.83
11,34,2.66
11,35,3.41
11,36,2.76
11,37,2.98
11,38,2.76
11,39,2.74
11,40,2.08
11,41,2.88
11,42,2.18
11,43,2.07
11,44,2.59
11,45,2.57
11,46,2.32
11,47,2.21
11,48,2.79
11,49,2.24
11,50,2.53
11,51,3.06
11,52,2.94
11,53,2.31
11,54,2.69
11,55,2.81
11,56,2.13
11,57,2.44
11,58,2.36
11,59,2.36
11,60,2.53
11,61,3.13
11,62,2.94
11,63,2.77
11,64,2.46
11,65,3.51
12,13,3.4
12,14,5.16
12,15,4.58
12,16,3.99
12,17,3.77
12,18,3.66
12,19,3.67
12,20,3.76
12,21,3.58
12,22,3.9
12,23,2.81
12,24,4.01
12,25,3.97
12,26,4.35
12,27,2.69
12,28,4.5
12,29,3.36
12,30,3.2
12,31,4.27
12,32,4.52
12,33,3.75
12,34,3.53
12,35,4.04
12,36,3.79
12,37,4.14
12,38,4.22
12,39,3.95
12,40,4.27
12,41,3.69
12,42,4.61
12,43,4.38
12,44,4.84
12,45,3.85
12,46,4.12
12,47,3.25
12,48,4.32
12,49,3.83
12,50,4.4
12,51,3.8
12,52,3.65
12,53,4.36
12,54,3.69
12,55,4.3
12,56,4.24
12,57,3.69
12,58,3.38
12,59,3.38
12,60,4.14
12,61,3.12
12,62,4.11
12,63,4.59
12,64,4.15
12,65,4.25
13,14,4.4
13,15,4.43
13,16,4.56
13,17,3.74
13,18,4.03
13,19,3.36
13,20,4.36
13,21,3.76
13,22,3.79
13,23,2.94
13,24,4.97
13,25,5.03
13,26,4.16
13,27,3.64
13,28,3.86
13,29,4.13
13,30,4.24
13,31,3.99
13,32,4.56
13,33,3.99
13,34,4.19
13,35,3.98
13,36,3.39
13,37,4.11
13,38,3.62
13,39,3.39
13,40,4.81
13,41,3.51
13,42,4.72
13,43,4.77
13,44,4.42
13,45,4.0
13,46,4.3
13,47,3.3
13,48,4.29
13,49,3.54
13,50,3.77
13,51,3.55
13,52,3.38
13,53,4.47
13,54,3.31
13,55,4.62
13,56,4.33
13,57,4.9
13,58,3.78
13,59,3.78
13,60,4.09
13,61,3.72
13,62,3.26
13,63,4.34
13,64,4.94
13,65,4.99
14,15,4.27
14,16,4.86
14,17,5.03
14,18,4.19
14,19,4.33
14,20,4.34
14,21,4.79
14,22,4.83
14,23,4.4
14,24,4.85
14,25,4.49
14,26,4.22
14,27,5.07
14,28,4.59
14,29,4.94
14,30,4.66
14,31,4.85
14,32,3.97
14,33,4.02
14,34,4.76
14,35,4.26
14,36,5.19
14,37,4.49
14,38,4.63
14,39,4.3
14,40,4.58
14,41,5.1
14,42,5.4
14,43,5.33
14,44,4.58
14,45,3.92
14,46,4.56
14,47,4.27
14,48,4.77
14,49,4.3
14,50,4.71
14,51,4.12
14,52,4.66
14,53,5.4
14,54,4.47
14,55,5.1
14,56,4.92
14,57,4.77
14,58,3.97
14,59,3.97
14,60,4.69
14,61,4.93
14,62,4.73
14,63,4.37
14,64,4.41
14,65,3.86
15,16,4.86
15,17,3.86
15,18,4.56
15,19,4.59
15,20,4.46
15,21,4.57
15,22,5.01
15,23,4.65
15,24,4.49
15,25,4.02
15,26,4.29
15,27,5.12
15,28,4.33
15,29,4.31
15,30,4.75
15,31,4.9
15,32,4.21
15,33,5.0
15,34,5.08
15,35,4.82
15,36,5.12
15,37,4.78
15,38,5.01
15,39,4.28
15,40,4.51
15,41,4.16
15,42,4.96
15,43,4.59
15,44,4.09
15,45,4.19
15,46,4.68
15,47,4.31
15,48,4.22
15,49,4.62
15,50,4.94
15,51,4.39
15,52,5.1
15,53,4.62
15,54,4.36
15,55,3.84
15,56,3.75
15,57,3.83
15,58,4.51
15,59,4.49
15,60,4.36
15,61,4.64
15,62,4.96
15,63,4.39
15,64,3.87
15,65,4.3
16,17,3.8
16,18,3.24
16,19,3.63
16,20,4.94
16,21,4.16
16,22,4.21
16,23,3.85
16,24,4.81
16,25,4.06
16,26,3.89
16,27,4.0
16,28,4.19
16,29,4.25
16,30,4.08
16,31,3.83
16,32,4.55
16,33,4.29
16,34,4.06
16,35,4.23
16,36,3.82
16,37,3.98
16,38,4.52
16,39,3.51
16,40,4.1
16,41,4.44
16,42,3.43
16,43,3.57
16,44,4.86
16,45,4.4
16,46,3.66
16,47,4.12
16,48,4.12
16,49,4.51
16,50,5.15
16,51,4.06
16,52,4.17
16,53,4.23
16,54,4.37
16,55,4.59
16,56,4.02
16,57,4.52
16,58,4.11
16,59,4.11
16,60,3.93
16,61,4.2
16,62,4.41
16,63,4.67
16,64,4.66
16,65,4.53
17,18,3.39
17,19,3.53
17,20,3.96
17,21,4.19
17,22,2.92
17,23,2.92
17,24,4.35
17,25,4.66
17,26,4.14
17,27,3.31
17,28,3.97
17,29,4.46
17,30,3.49
17,31,3.7
17,32,3.86
17,33,3.5
17,34,3.92
17,35,3.56
17,36,3.68
17,37,4.19
17,38,3.24
17,39,3.17
17,40,4.3
17,41,2.72
17,42,3.8
17,43,4.14
17,44,4.77
17,45,4.24
17,46,3.5
17,47,2.47
17,48,3.9
17,49,3.22
17,50,4.21
17,51,4.29
17,52,4.24
17,53,3.99
17,54,3.31
17,55,4.62
17,56,4.15
17,57,3.74
17,58,3.06
17,59,3.06
17,60,4.07
17,61,3.99
17,62,4.11
17,63,4.36
17,64,4.12
17,65,4.77
18,19,3.44
18,20,4.02
18,21,3.72
18,22,3.29
18,23,3.33
18,24,3.92
18,25,4.28
18,26,3.8
18,27,3.59
18,28,3.85
18,29,4.41
18,30,3.96
18,31,3.76
18,32,4.2
18,33,3.79
18,34,4.41
18,35,4.39
18,36,3.62
18,37,4.09
18,38,3.38
18,39,3.09
18,40,4.46
18,41,3.82
18,42,3.5
18,43,3.81
18,44,4.33
18,45,4.43
18,46,3.68
18,47,3.76
18,48,4.29
18,49,3.45
18,50,4.26
18,51,4.26
18,52,4.08
18,53,3.82
18,54,3.87
18,55,4.32
18,56,3.78
18,57,4.43
18,58,3.71
18,59,3.71
18,60,3.78
18,61,2.95
18,62,4.13
18,63,4.47
18,64,3.93
18,65,4.84
19,20,4.49
19,21,3.41
19,22,3.01
19,23,3.18
19,24,3.92
19,25,4.51
19,26,3.06
19,27,3.17
19,28,3.43
19,29,3.81
19,30,3.58
19,31,3.91
19,32,4.06
19,33,3.46
19,34,3.59
19,35,3.0
19,36,2.98
19,37,4.16
19,38,2.89
19,39,2.78
19,40,3.67
19,41,2.98
19,42,3.82
19,43,3.76
19,44,4.5
19,45,4.01
19,46,2.92
19,47,3.1
19,48,3.89
19,49,2.92
19,50,4.39
19,51,3.63
19,52,3.81
19,53,3.8
19,54,2.45
19,55,4.48
19,56,4.11
19,57,3.04
19,58,2.83
19,59,2.83
19,60,3.76
19,61,3.87
19,62,3.42
19,63,4.9
19,64,4.39
19,65,4.13
20,21,4.62
20,22,5.13
20,23,4.78
20,24,4.63
20,25,4.68
20,26,4.45
20,27,4.7
20,28,4.14
20,29,4.71
20,30,4.36
20,31,4.4
20,32,3.8
20,33,4.56
20,34,5.02
20,35,4.25
20,36,4.75
20,37,4.94
20,38,4.29
20,39,4.89
20,40,4.54
20,41,4.77
20,42,5.68
20,43,5.04
20,44,5.11
20,45,4.62
20,46,4.49
20,47,4.92
20,48,4.7
20,49,4.94
20,50,5.23
20,51,4.71
20,52,4.34
20,53,5.01
20,54,4.41
20,55,5.26
20,56,5.21
20,57,4.54
20,58,4.52
20,59,4.52
20,60,4.06
20,61,4.27
20,62,5.74
20,63,3.96
20,64,4.46
20,65,4.36
21,22,4.78
21,23,3.9
21,24,3.49
21,25,4.39
21,26,2.76
21,27,4.13
21,28,2.55
21,29,3.4
21,30,4.09
21,31,4.34
21,32,4.19
21,33,3.79
21,34,3.86
21,35,3.4
21,36,4.12
21,37,3.48
21,38,4.08
21,39,3.86
21,40,3.34
21,41,4.39
21,42,4.85
21,43,4.23
21,44,4.9
21,45,3.28
21,46,3.95
21,47,3.83
21,48,3.99
21,49,4.11
21,50,4.55
21,51,2.75
21,52,3.74
21,53,4.3
21,54,3.44
21,55,4.65
21,56,4.83
21,57,3.96
21,58,3.8
21,59,3.8
21,60,4.3
21,61,3.83
21,62,4.34
21,63,4.99
21,64,4.2
21,65,4.9
22,23,3.95
22,24,3.55
22,25,4.57
22,26,4.21
22,27,3.72
22,28,4.51
22,29,4.1
22,30,4.39
22,31,3.64
22,32,4.28
22,33,3.83
22,34,4.62
22,35,4.12
22,36,3.01
22,37,4.59
22,38,3.8
22,39,3.18
22,40,4.34
22,41,3.69
22,42,3.69
22,43,3.89
22,44,4.42
22,45,4.17
22,46,3.37
22,47,3.0
22,48,4.95
22,49,2.75
22,50,3.84
22,51,4.03
22,52,4.19
22,53,4.11
22,54,2.98
22,55,4.77
22,56,4.63
22,57,4.49
22,58,3.18
22,59,3.18
22,60,3.13
22,61,3.77
22,62,3.89
22,63,5.21
22,64,4.67
22,65,4.09
23,24,4.45
23,25,4.77
23,26,4.03
23,27,2.76
23,28,3.97
23,29,4.04
23,30,3.78
23,31,3.96
23,32,4.21
23,33,3.95
23,34,4.1
23,35,4.35
23,36,3.72
23,37,3.76
23,38,3.38
23,39,3.42
23,40,3.83
23,41,3.38
23,42,3.79
23,43,4.39
23,44,5.03
23,45,4.17
23,46,3.76
23,47,2.91
23,48,4.1
23,49,3.24
23,50,4.08
23,51,3.77
23,52,3.57
23,53,3.63
23,54,3.26
23,55,4.56
23,56,4.51
23,57,3.33
23,58,2.9
23,59,2.9
23,60,3.04
23,61,3.3
23,62,3.36
23,63,4.25
23,64,4.16
23,65,4.17
24,25,4.38
24,26,3.92
24,27,4.69
24,28,3.96
24,29,3.56
24,30,4.36
24,31,4.76
24,32,3.58
24,33,3.39
24,34,4.35
24,35,4.01
24,36,4.55
24,37,4.56
24,38,4.04
24,39,4.16
24,40,3.33
24,41,3.25
24,42,4.07
24,43,4.4
24,44,3.58
24,45,4.61
24,46,3.94
24,47,4.05
24,48,4.56
24,49,4.13
24,50,4.74
24,51,4.03
24,52,5.44
24,53,4.4
24,54,3.76
24,55,5.24
24,56,4.68
24,57,5.08
24,58,4.09
24,59,4.09
24,60,4.36
24,61,4.31
24,62,5.03
24,63,4.05
24,64,4.21
24,65,4.74
25,26,4.25
25,27,4.68
25,28,4.31
25,29,3.96
25,30,4.2
25,31,4.83
25,32,4.56
25,33,4.66
25,34,4.42
25,35,4.62
25,36,4.44
25,37,4.67
25,38,4.08
25,39,4.33
25,40,4.44
25,41,4.62
25,42,4.41
25,43,4.72
25,44,3.49
25,45,4.88
25,46,4.38
25,47,4.76
25,48,4.09
25,49,4.25
25,50,4.63
25,51,4.35
25,52,4.33
25,53,4.35
25,54,4.73
25,55,4.2
25,56,4.03
25,57,4.23
25,58,4.15
25,59,4.15
25,60,4.3
25,61,4.43
25,62,4.28
25,63,4.26
25,64,3.64
25,65,4.72
26,27,4.17
26,28,2.47
26,29,3.25
26,30,3.41
26,31,4.53
26,32,3.97
26,33,3.48
26,34,4.13
26,35,3.43
26,36,3.66
26,37,3.63
26,38,4.1
26,39,3.57
26,40,3.56
26,41,4.13
26,42,3.64
26,43,4.39
26,44,4.55
26,45,3.57
26,46,3.46
26,47,4.28
26,48,3.44
26,49,3.41
26,50,4.49
26,51,3.01
26,52,3.82
26,53,4.06
26,54,3.08
26,55,4.47
26,56,4.83
26,57,4.34
26,58,4.01
26,59,4.01
26,60,4.49
26,61,4.46
26,62,4.59
26,63,4.77
26,64,3.7
26,65,4.78
27,28,4.1
27,29,3.93
27,30,2.76
27,31,4.34
27,32,3.83
27,33,3.34
27,34,3.59
27,35,3.9
27,36,3.9
27,37,3.45
27,38,3.92
27,39,3.48
27,40,3.85
27,41,3.22
27,42,4.21
27,43,4.19
27,44,4.57
27,45,3.59
27,46,3.88
27,47,3.29
27,48,3.83
27,49,3.05
27,50,4.29
27,51,3.88
27,52,3.99
27,53,3.94
27,54,3.38
27,55,3.86
27,56,4.57
27,57,3.73
27,58,3.11
27,59,3.11
27,60,3.7
27,61,3.1
27,62,3.88
27,63,3.87
27,64,3.86
27,65,4.79
28,29,3.31
28,30,4.08
28,31,4.59
28,32,3.9
28,33,3.71
28,34,4.04
28,35,3.64
28,36,3.83
28,37,3.48
28,38,3.74
28,39,3.61
28,40,3.58
28,41,4.24
28,42,4.53
28,43,4.22
28,44,4.77
28,45,3.79
28,46,3.74
28,47,3.56
28,48,3.51
28,49,3.58
28,50,4.35
28,51,2.9
28,52,3.72
28,53,4.31
28,54,3.03
28,55,4.71
28,56,4.5
28,57,4.19
28,58,3.59
28,59,3.59
28,60,4.51
28,61,3.58
28,62,4.59
28,63,3.41
28,64,3.59
28,65,4.08
29,30,3.45
29,31,4.8
29,32,2.77
29,33,3.83
29,34,3.53
29,35,3.32
29,36,4.45
29,37,3.75
29,38,4.6
29,39,3.91
29,40,2.71
29,41,4.39
29,42,4.18
29,43,4.01
29,44,4.56
29,45,3.36
29,46,4.1
29,47,4.31
29,48,3.56
29,49,4.02
29,50,4.68
29,51,3.62
29,52,4.08
29,53,3.78
29,54,3.77
29,55,3.81
29,56,4.53
29,57,4.92
29,58,4.49
29,59,4.49
29,60,4.25
29,61,4.3
29,62,4.57
29,63,4.2
29,64,3.73
29,65,5.4
30,31,4.38
30,32,4.4
30,33,4.03
30,34,3.65
30,35,3.67
30,36,3.89
30,37,4.43
30,38,3.52
30,39,3.29
30,40,3.39
30,41,3.86
30,42,3.9
30,43,4.39
30,44,4.62
30,45,4.23
30,46,3.87
30,47,3.59
30,48,3.79
30,49,3.23
30,50,3.9
30,51,3.9
30,52,3.96
30,53,3.96
30,54,3.57
30,55,4.21
30,56,4.62
30,57,3.87
30,58,2.88
30,59,2.88
30,60,3.36
30,61,3.21
30,62,3.89
30,63,4.43
30,64,3.72
30,65,4.47
31,32,4.61
31,33,3.64
31,34,4.2
31,35,4.83
31,36,3.04
31,37,4.62
31,38,3.03
31,39,3.12
31,40,4.35
31,41,3.18
31,42,3.69
31,43,4.0
31,44,5.04
31,45,4.75
31,46,3.54
31,47,4.0
31,48,4.38
31,49,3.87
31,50,5.09
31,51,4.48
31,52,4.3
31,53,4.13
31,54,3.89
31,55,4.46
31,56,5.18
31,57,4.28
31,58,4.2
31,59,4.2
31,60,4.21
31,61,4.28
31,62,3.83
31,63,5.11
31,64,4.92
31,65,4.75
32,33,4.96
32,34,4.05
32,35,3.93
32,36,4.4
32,37,3.87
32,38,4.47
32,39,4.06
32,40,3.77
32,41,4.45
32,42,4.36
32,43,3.89
32,44,5.01
32,45,3.71
32,46,4.26
32,47,4.04
32,48,4.16
32,49,4.3
32,50,4.36
32,51,3.97
32,52,4.93
32,53,4.65
32,54,3.91
32,55,3.77
32,56,4.58
32,57,4.06
32,58,4.24
32,59,4.24
32,60,3.85
32,61,3.88
32,62,4.46
32,63,3.82
32,64,4.42
32,65,4.68
33,34,4.29
33,35,4.19
33,36,3.11
33,37,4.34
33,38,3.39
33,39,4.13
33,40,4.21
33,41,3.53
33,42,4.45
33,43,4.21
33,44,5.27
33,45,4.61
33,46,3.35
33,47,3.47
33,48,4.58
33,49,3.17
33,50,4.8
33,51,3.97
33,52,3.55
33,53,4.23
33,54,3.62
33,55,4.48
33,56,4.55
33,57,3.5
33,58,3.21
33,59,3.21
33,60,4.11
33,61,3.84
33,62,3.77
33,63,4.56
33,64,3.74
33,65,3.72
34,35,2.99
34,36,4.31
34,37,3.14
34,38,4.26
34,39,4.14
34,40,3.27
34,41,4.05
34,42,4.28
34,43,3.82
34,44,4.87
34,45,3.92
34,46,3.74
34,47,4.01
34,48,4.12
34,49,3.74
34,50,4.69
34,51,3.92
34,52,3.83
34,53,4.59
34,54,3.89
34,55,4.18
34,56,4.33
34,57,4.51
34,58,3.85
34,59,3.85
34,60,4.18
34,61,4.06
34,62,4.32
34,63,3.69
34,64,3.94
34,65,4.32
35,36,4.19
35,37,3.62
35,38,3.9
35,39,3.92
35,40,2.95
35,41,4.69
35,42,4.82
35,43,3.56
35,44,4.81
35,45,3.97
35,46,4.17
35,47,3.66
35,48,3.88
35,49,3.39
35,50,4.53
35,51,2.78
35,52,4.01
35,53,4.75
35,54,3.23
35,55,4.6
35,56,4.78
35,57,4.09
35,58,3.71
35,59,3.71
35,60,3.97
35,61,4.12
35,62,4.15
35,63,4.77
35,64,4.38
35,65,4.95
36,37,4.8
36,38,3.01
36,39,3.2
36,40,4.37
36,41,3.8
36,42,4.3
36,43,3.81
36,44,4.98
36,45,4.39
36,46,3.06
36,47,3.45
36,48,4.84
36,49,2.81
36,50,4.14
36,51,3.74
36,52,3.4
36,53,4.34
36,54,3.08
36,55,4.55
36,56,4.67
36,57,3.78
36,58,3.17
36,59,3.17
36,60,4.16
36,61,3.56
36,62,3.84
36,63,5.3
36,64,4.06
36,65,4.76
37,38,4.47
37,39,4.13
37,40,3.35
37,41,4.73
37,42,4.55
37,43,4.23
37,44,4.88
37,45,3.18
37,46,3.58
37,47,4.14
37,48,4.01
37,49,4.13
37,50,4.4
37,51,3.71
37,52,4.16
37,53,3.74
37,54,4.3
37,55,4.63
37,56,4.15
37,57,4.34
37,58,3.95
37,59,3.95
37,60,3.76
37,61,3.58
37,62,4.76
37,63,3.73
37,64,4.13
37,65,3.92
38,39,2.91
38,40,4.57
38,41,1.87
38,42,3.79
38,43,3.81
38,44,5.13
38,45,4.19
38,46,3.41
38,47,3.4
38,48,4.59
38,49,3.33
38,50,4.79
38,51,3.91
38,52,4.5
38,53,4.05
38,54,3.6
38,55,4.78
38,56,4.42
38,57,3.66
38,58,3.59
38,59,3.64
38,60,3.76
38,61,4.13
38,62,3.39
38,63,4.8
38,64,3.83
38,65,3.77
39,40,4.35
39,41,3.07
39,42,3.12
39,43,3.28
39,44,4.88
39,45,4.27
39,46,2.76
39,47,3.5
39,48,3.63
39,49,2.86
39,50,4.46
39,51,3.72
39,52,3.91
39,53,3.23
39,54,2.98
39,55,4.45
39,56,4.17
39,57,3.53
39,58,3.02
39,59,3.02
39,60,3.93
39,61,4.48
39,62,3.85
39,63,4.29
39,64,3.78
39,65,4.01
40,41,4.66
40,42,4.81
40,43,3.33
40,44,4.88
40,45,3.87
40,46,3.98
40,47,4.13
40,48,4.53
40,49,4.0
40,50,4.78
40,51,3.32
40,52,4.18
40,53,4.36
40,54,3.8
40,55,4.05
40,56,4.84
40,57,4.47
40,58,3.96
40,59,3.96
40,60,3.97
40,61,3.97
40,62,4.58
40,63,4.2
40,64,3.87
40,65,4.75
41,42,4.2
41,43,4.44
41,44,4.74
41,45,4.44
41,46,4.3
41,47,2.9
41,48,4.72
41,49,3.43
41,50,4.69
41,51,3.83
41,52,4.3
41,53,4.21
41,54,3.75
41,55,4.78
41,56,4.02
41,57,3.59
41,58,3.21
41,59,3.21
41,60,3.94
41,61,4.11
41,62,3.18
41,63,4.56
41,64,4.28
41,65,4.69
42,43,3.56
42,44,4.28
42,45,4.57
42,46,3.8
42,47,4.16
42,48,4.13
42,49,3.19
42,50,4.15
42,51,4.81
42,52,4.06
42,53,4.22
42,54,4.03
42,55,4.23
42,56,4.73
42,57,4.2
42,58,3.81
42,59,3.81
42,60,3.81
42,61,3.98
42,62,4.36
42,63,4.29
42,64,4.37
42,65,4.75
43,44,4.7
43,45,4.35
43,46,3.97
43,47,4.36
43,48,4.39
43,49,3.47
43,50,4.72
43,51,4.48
43,52,4.39
43,53,4.03
43,54,3.84
43,55,4.33
43,56,4.17
43,57,4.74
43,58,4.0
43,59,4.0
43,60,3.97
43,61,4.03
43,62,4.48
43,63,4.64
43,64,3.41
43,65,4.61
44,45,4.77
44,46,4.63
44,47,4.93
44,48,4.59
44,49,4.44
44,50,5.05
44,51,4.68
44,52,4.78
44,53,4.84
44,54,4.85
44,55,4.96
44,56,4.46
44,57,4.57
44,58,4.55
44,59,4.56
44,60,5.13
44,61,4.82
44,62,4.82
44,63,4.1
44,64,4.74
44,65,4.07
45,46,3.98
45,47,4.24
45,48,3.75
45,49,4.04
45,50,4.88
45,51,3.76
45,52,4.15
45,53,4.87
45,54,3.82
45,55,4.92
45,56,3.6
45,57,4.76
45,58,4.28
45,59,4.28
45,60,4.44
45,61,3.77
45,62,4.29
45,63,4.44
45,64,4.25
45,65,4.27
46,47,3.53
46,48,4.43
46,49,3.21
46,50,4.84
46,51,3.73
46,52,4.32
46,53,4.68
46,54,3.42
46,55,4.34
46,56,4.33
46,57,4.65
46,58,3.76
46,59,3.76
46,60,3.95
46,61,4.36
46,62,4.23
46,63,4.13
46,64,3.89
46,65,4.35
47,48,3.82
47,49,2.37
47,50,4.18
47,51,3.84
47,52,4.12
47,53,4.14
47,54,3.37
47,55,4.61
47,56,4.65
47,57,3.59
47,58,2.56
47,59,2.56
47,60,2.82
47,61,4.0
47,62,3.8
47,63,4.16
47,64,4.28
47,65,4.69
48,49,4.03
48,50,4.28
48,51,4.13
48,52,4.41
48,53,4.6
48,54,4.22
48,55,3.87
48,56,4.5
48,57,5.45
48,58,3.7
48,59,3.7
48,60,4.07
48,61,4.27
48,62,4.66
48,63,3.77
48,64,3.57
48,65,4.94
49,50,4.18
49,51,3.59
49,52,3.43
49,53,3.77
49,54,2.3
49,55,4.57
49,56,4.3
49,57,3.7
49,58,3.16
49,59,3.16
49,60,3.75
49,61,3.6
49,62,3.36
49,63,4.79
49,64,3.63
49,65,4.24
50,51,4.29
50,52,4.31
50,53,3.92
50,54,4.64
50,55,4.25
50,56,4.89
50,57,4.46
50,58,4.41
50,59,4.37
50,60,3.46
50,61,4.0
50,62,4.86
50,63,4.33
50,64,5.03
50,65,3.42
51,52,3.76
51,53,4.6
51,54,3.06
51,55,5.21
51,56,4.69
51,57,4.35
51,58,3.55
51,59,3.55
51,60,3.86
51,61,3.78
51,62,4.3
51,63,4.68
51,64,4.44
51,65,4.83
52,53,4.34
52,54,4.12
52,55,4.83
52,56,4.43
52,57,4.99
52,58,3.82
52,59,3.8
52,60,4.33
52,61,4.06
52,62,4.08
52,63,4.92
52,64,4.37
52,65,3.95
53,54,4.2
53,55,3.48
53,56,4.64
53,57,4.27
53,58,4.33
53,59,4.33
53,60,4.01
53,61,4.15
53,62,4.59
53,63,5.45
53,64,4.25
53,65,5.33
54,55,4.6
54,56,4.29
54,57,3.75
54,58,3.42
54,59,3.42
54,60,3.81
54,61,4.17
54,62,3.13
54,63,3.79
54,64,4.22
54,65,4.61
55,56,4.53
55,57,4.87
55,58,4.57
55,59,4.57
55,60,4.22
55,61,5.04
55,62,4.65
55,63,4.68
55,64,4.04
55,65,4.9
56,57,4.17
56,58,4.45
56,59,4.45
56,60,4.44
56,61,4.44
56,62,4.03
56,63,4.62
56,64,4.09
56,65,3.64
57,58,3.23
57,59,3.23
57,60,3.52
57,61,4.07
57,62,3.45
57,63,4.11
57,64,4.1
57,65,4.38
58,59,0.02
58,60,2.99
58,61,3.32
58,62,3.63
58,63,4.73
58,64,3.66
58,65,4.69
59,60,2.99
59,61,3.31
59,62,3.63
59,63,4.73
59,64,3.66
59,65,4.69
60,61,3.87
60,62,3.66
60,63,4.3
60,64,4.32
60,65,4.1
61,62,4.56
61,63,4.96
61,64,4.14
61,65,4.8
62,63,4.69
62,64,4.38
62,65,4.46
63,64,4.3
63,65,4.69
64,65,4.86
