,0
0,34.47
1,45.44
2,59.28
3,81.44
4,93.5
5,95.0
6,95.62
7,93.31
8,91.44
9,91.62
10,93.25
11,95.69
12,96.19
13,94.94
14,95.75
15,96.31
16,95.38
17,95.06
18,94.62
19,95.88
20,96.06
21,96.69
22,96.38
23,95.81
24,96.5
25,97.44
26,98.0
27,98.62
28,98.69
29,98.69
30,98.75
31,98.69
32,98.69
33,98.06
34,97.19
35,96.44
36,96.44
37,97.5
38,97.56
39,98.06
40,97.81
41,96.62
42,96.81
43,97.94
44,97.69
45,98.0
46,98.19
47,97.88
48,97.81
49,97.56
50,97.19
51,92.25
52,95.12
53,96.62
54,97.75
55,97.88
56,98.0
57,98.06
58,98.62
59,98.38
60,98.5
61,96.81
62,96.31
63,96.31
64,97.06
65,97.5
66,97.25
67,98.56
68,98.44
69,98.38
70,98.0
71,96.94
72,96.69
73,95.88
74,96.5
75,96.31
76,97.81
77,98.31
78,98.62
79,98.44
80,97.81
81,97.81
82,97.88
83,98.38
84,96.0
85,97.0
86,98.38
87,98.75
88,98.69
89,98.75
90,98.56
91,98.62
92,98.75
93,98.75
94,98.56
95,98.62
96,98.5
97,97.25
98,97.25
99,96.69
100,95.88
101,94.38
102,93.5
103,96.69
104,98.44
105,98.38
106,98.75
107,98.69
108,98.56
109,98.38
110,97.88
111,97.94
112,97.69
113,98.31
114,98.19
115,98.62
116,98.81
117,98.81
118,98.88
119,98.81
120,98.81
121,98.81
122,98.75
123,98.56
124,98.31
125,98.06
126,98.0
127,96.75
128,96.44
129,97.19
130,97.38
131,98.12
132,98.44
133,97.94
134,97.62
135,98.31
136,96.94
137,97.88
138,98.56
139,98.81
140,98.88
141,98.88
142,98.88
143,98.81
144,98.88
145,98.81
146,98.62
147,98.06
148,98.25
149,98.12
150,97.94
151,98.25
152,98.06
153,97.94
154,96.5
155,97.88
156,98.0
157,97.81
158,98.25
159,98.12
160,98.0
161,97.88
162,98.06
163,97.44
164,97.62
165,98.19
166,97.94
167,98.19
168,97.75
169,97.5
170,98.25
171,98.31
172,98.31
173,97.75
174,97.81
175,96.25
176,94.94
177,96.88
178,95.94
179,96.94
180,97.06
181,97.06
182,97.88
183,98.25
184,98.0
185,96.88
186,97.94
187,98.31
188,98.5
189,98.81
190,98.88
191,98.88
192,98.75
193,98.5
194,98.5
195,98.81
196,98.56
197,98.12
198,96.81
199,96.38
200,96.19
201,97.81
202,98.19
203,98.44
204,98.56
205,98.81
206,98.81
207,98.88
208,98.88
209,98.88
210,98.81
211,98.38
212,98.5
213,98.5
214,98.56
215,98.38
216,98.31
217,98.38
218,97.81
219,98.12
220,98.31
221,97.62
222,97.75
223,98.19
224,97.88
225,97.62
226,97.69
227,98.31
228,98.12
229,97.06
230,95.38
231,96.44
232,94.81
233,94.38
234,95.5
235,94.81
236,94.38
237,95.88
238,97.06
239,96.88
240,96.62
241,97.5
242,97.88
243,97.38
244,96.62
245,97.25
246,98.31
247,98.44
248,97.81
249,97.5
250,97.19
251,95.81
252,97.12
253,97.12
254,98.5
255,98.69
256,98.62
257,98.38
258,97.0
259,90.31
