,0,1,2
0,64.19,62.47,64.38
1,73.12,71.38,72.94
2,74.38,71.12,72.31
3,77.0,75.94,77.44
4,80.0,78.56,79.56
5,80.0,78.5,79.0
6,84.12,82.19,82.5
7,80.69,80.12,80.06
8,84.19,82.62,82.44
9,85.25,84.12,82.88
10,81.56,80.62,79.88
11,80.75,79.69,77.81
12,82.88,81.44,79.81
13,79.06,75.75,73.31
14,71.5,69.75,68.69
15,70.0,67.81,65.94
16,69.06,64.88,61.84
17,68.62,64.69,63.78
18,53.25,52.66,47.34
19,52.25,52.19,49.41
20,48.16,48.12,47.97
21,46.22,47.06,45.84
22,45.94,46.31,44.59
23,44.09,43.94,41.38
24,42.06,43.78,44.75
25,43.59,40.03,39.62
26,41.38,38.44,36.12
27,39.72,39.59,37.31
28,40.78,40.47,39.72
29,42.16,41.03,41.97
30,47.84,49.16,46.16
31,44.72,43.0,42.66
32,43.5,45.16,42.28
33,44.03,44.81,43.44
34,51.34,51.03,48.59
35,51.81,51.81,50.06
36,49.31,49.06,45.91
37,50.78,50.44,47.44
38,50.16,49.97,48.5
39,42.81,43.06,40.56
40,47.56,46.19,44.22
41,50.38,49.34,46.88
42,49.69,48.56,48.69
43,46.28,45.94,42.88
44,46.69,45.41,43.91
45,44.12,44.0,41.38
46,40.81,38.56,41.84
47,42.81,42.25,43.66
48,40.0,39.84,38.31
49,40.91,40.19,40.38
50,41.22,39.09,38.09
51,46.25,45.41,48.94
52,43.62,41.56,41.84
53,42.47,40.5,42.25
54,41.59,40.56,43.12
55,45.22,44.22,45.88
56,44.84,44.12,44.0
57,46.0,46.72,46.22
58,44.56,44.22,50.34
59,40.12,40.25,42.0
60,46.12,44.22,44.19
61,43.5,43.34,44.03
62,42.19,43.66,43.59
63,39.66,40.03,41.78
64,38.53,38.03,38.09
65,42.47,43.0,44.97
66,45.12,42.0,41.97
67,43.06,41.22,42.03
68,36.53,36.06,36.94
69,37.09,35.97,36.03
70,37.44,36.41,36.5
71,44.22,40.69,48.59
72,42.0,41.69,39.09
73,42.56,40.84,38.72
74,42.59,35.34,36.47
75,43.72,39.91,39.81
76,46.53,46.38,42.03
77,47.5,44.19,44.78
78,37.16,40.62,45.94
79,41.81,41.16,37.19
80,46.62,44.78,43.62
81,48.19,47.56,45.56
82,48.25,48.97,47.34
83,45.91,44.88,43.75
84,48.5,46.34,46.31
85,50.66,51.69,53.22
86,52.12,52.47,51.69
87,49.06,48.19,47.75
88,48.81,45.56,47.84
89,41.47,40.75,43.25
90,49.16,49.69,49.19
91,48.97,47.06,45.88
92,47.28,45.59,45.78
93,45.84,44.59,43.62
94,50.38,50.94,46.69
95,42.47,41.59,42.0
96,44.22,41.81,41.28
97,39.97,38.03,39.5
98,44.84,44.31,41.03
99,44.41,43.53,43.44
100,43.81,42.81,41.75
101,45.91,45.69,40.41
102,43.84,44.34,41.97
103,40.72,39.59,39.31
104,49.06,46.75,45.06
105,46.44,44.94,43.16
106,45.03,45.06,41.88
107,40.09,38.75,36.38
108,42.66,41.81,39.91
109,36.31,38.91,37.81
